prod_id,station_id,part_id,A,C,Rückführkrft ballist.,STATUS,T_max,r_nul,tol
ACME123,234,013a40ff-8f4c-480a-a3bc-288187ab560e,1.6964201409288657,0,,OK,47.37192795287603,,
ACME123,234,014ee085-94e4-4995-a976-1feb6c456f38,0.5932126565686647,0,,OK,41.22290140050235,,
ACME123,234,03c93e12-9d25-4acf-90e9-bb818172c71a,1.1294548395972057,2,,OK,42.95968609826797,,
ACME123,234,054485d2-cc42-4c84-81f5-89642cdba1f8,0.18383319139480686,2,,OK,42.81660302609262,,
ACME123,234,05b7fa66-0f25-4c3c-8d40-594f569438c0,1.1612500010381737,4,,OK,47.26188160964515,,
ACME123,234,0629967d-7bb4-4d2f-bc67-315fe4c94c97,0.07487352488094673,3,,OK,47.29328439398611,,
ACME123,234,0648b476-9af1-440f-998e-35ae3c64c432,-0.2717930992905089,0,,,49.01865090493303,,
ACME123,234,06ded37c-5bc2-4960-a0c0-c6dad9df4fb0,-1.4578961788524918,3,,OK,59.62736574956219,,
ACME123,234,07113031-bd8a-4a60-a150-a477d4290b3a,-0.1579519453375676,3,,,58.203401541664185,,
ACME123,234,0745465b-809b-4009-949b-bb8b4799f6d1,-1.1082176217317987,,,,,,
ACME123,234,07c1f55e-9b6b-45d0-a206-da5fa73235c4,1.241407192325555,1,,,47.44892123416801,,
ACME123,234,09ca1f43-c426-4b6c-b977-cc357ad78b54,-0.344078737133849,3,,OK,38.29165437119299,,
ACME123,234,09e5d0a4-115b-4488-9ec8-0111067c294f,-1.6277820214639056,2,,OK,52.35695389345309,,
ACME123,234,0a104e81-d37e-4b3a-a81a-6f2255f878cd,-0.7167926013942671,4,,,58.875339345438576,,
ACME123,234,0b22b1a5-d0e8-4f48-80d0-79456692bdf5,-0.3678477854761112,2,,OK,50.280052218515664,,
ACME123,234,0db7780b-2b9a-45a2-89a7-94a292f8cf43,0.9667529557818773,4,,,44.4378480511179,,
ACME123,234,0de0ada1-e919-4037-a2ff-eac4612c53b2,-2.394107611175038,3,,OK,56.226368619143294,,
ACME123,234,0f0a517e-6794-4132-b96f-2d9021cb47ec,0.9336489659789903,,,,,,
ACME123,234,0f3c5e75-76a4-445f-af27-36d38e168ba3,1.2569806602104945,0,,OK,57.39634440804968,,
ACME123,234,0fa3491d-ad38-4cdd-9cfb-8fe8a626425a,-0.2936819414156859,4,,,53.64591380369356,,
ACME123,234,0fcffbf6-3058-46a1-a038-14747d8305cb,0.7196195860587837,0,,OK,56.43417149082256,,
ACME123,234,1021a33a-97ea-4090-91fe-d203b72bc4cb,-1.8428073292280216,,,,54.347848858569485,,
ACME123,234,102cf9bc-b2f2-41fd-84ca-b9905993e27f,0.855200426895692,0,,OK,39.021619977995506,,
ACME123,234,111c1532-6cd6-44f1-b4ea-690492a1caa6,-0.4120553595997011,2,,OK,62.51464869819681,,
ACME123,234,11512488-e24d-4ae2-bb49-c8aa724ee443,0.2190939060626891,3,,NOT_OK,50.32454465457663,,
ACME123,234,11c884f1-9028-4dac-a422-f46d732c5c7c,0.502027551908918,,,,34.37735169448416,,
ACME123,234,1255eada-b703-4c00-9a8a-f7eef305173f,0.27915006530123215,0,,OK,49.04841519754094,,
ACME123,234,13692e7e-a148-4a59-9451-0410a94e32c0,-0.015308400669817254,0,,OK,38.80869336088095,,
ACME123,234,139c6f4f-72dd-46b7-93d2-26b131b0b1d4,0.9971639437633988,2,,OK,49.06532508919738,,
ACME123,234,143d4dae-a263-4a89-8c15-25aef96755f5,1.2816616022503713,0,,,30.18145558241219,,
ACME123,234,14849d30-a7ed-4ba3-adee-b255d2e9a0d1,0.27035355959811025,0,,NOT_OK,63.102062165415155,,
ACME123,234,162a3b1f-a123-4111-8987-4d84bb8edee9,-2.224480174296388,3,,OK,51.05084644898806,,
ACME123,234,1630eeab-5469-4f56-a42d-637d9739623e,1.7659222472085805,3,,,54.261001077037925,,
ACME123,234,169ec68d-8b1e-42e3-bcb5-8fba93618649,-0.7710932926440363,1,,OK,51.312876267076724,,
ACME123,234,16a2d03c-b615-4419-a98a-aa1c24c63541,-0.5601140441122934,1,,OK,59.996446470230055,,
ACME123,234,16c20eb2-7bb9-4062-b06e-f3d259863f5b,-1.6719725409101192,1,,OK,52.545274412219804,,
ACME123,234,16c3101a-7e0a-4e5b-9cda-6051fd89f45c,1.231495511097247,,,,41.012148691822176,,
ACME123,234,18187a2e-61d4-43f9-8951-9c350f77e9b9,0.8535320337191848,3,,OK,50.63032315146219,,
ACME123,234,194cda2e-2529-48e6-af15-0403b97b468d,-0.695532595926128,,,,55.582730137295684,,
ACME123,234,1beb4c51-3619-49bb-8c2c-f95764fddd4d,-0.18261985750481535,0,,NOT_OK,37.26171808867682,,
ACME123,234,1bf67996-3223-40c2-8364-8ab46221803e,0.9728607628578637,,,,,,
ACME123,234,1c507f3b-2b4d-41b7-a8fb-0944d74faf70,-1.216698141191589,,,,70.87511086841047,,
ACME123,234,1c9ae742-7d29-4878-8aa0-87bf6275387a,1.6023474856874251,4,,OK,42.71851903843362,,
ACME123,234,1cb66c7f-7858-4344-b84f-fc2e18a2a95c,-0.5557977900262359,3,,OK,43.19674639636669,,
ACME123,234,1d4ba176-1eec-40b2-a821-86d9e5207ec2,0.3800198586635006,3,,OK,45.325434026965844,,
ACME123,234,1e580ebc-e8c5-4195-8c96-fdabdb16a977,-1.128254124738094,0,,OK,54.20063108119084,,
ACME123,234,1ea2e119-85ef-483c-aefe-8f0dee78246a,-0.048406006328027266,4,,OK,38.89653373417663,,
ACME123,234,2096a069-5629-44cd-a43e-a794939f2371,0.3556145597840693,1,,OK,45.500498183472416,,
ACME123,234,217bff1b-75bf-46db-b312-fd8cc11c2320,0.588059188609522,4,,,50.96364576747591,,
ACME123,234,224fe829-2024-4c58-8f03-2c3904ee0f70,0.5264765285037648,3,,OK,60.27339467597626,,
ACME123,234,2270f4d4-d348-47d6-8316-b631ca2046cf,-2.7022755680560566,,,,51.940266271062065,,
ACME123,234,240d57b2-d791-46d4-9293-f9f260984084,-0.7243290565048499,1,,OK,34.2771470545387,,
ACME123,234,246414c0-dea2-407d-a981-5530e4a53b96,1.078930988531168,0,,OK,66.56383186519604,,
ACME123,234,249d1c02-cfb5-4276-a001-96d4f6e57f2b,0.41768518624394524,2,,OK,49.85076807485463,,
ACME123,234,2624bda4-1faa-4727-9060-f96b0dbcad14,-1.5837851400901621,3,,OK,74.46584937482689,,
ACME123,234,26d243d7-7793-44f5-9743-e26d1644f514,0.23008822697066794,4,,OK,,,
ACME123,234,28dc2dae-337b-47a2-9ba7-39befad40738,-0.5672082908318432,4,,OK,56.82748065250064,,
ACME123,234,29b3479d-1269-4a4a-acd6-bdea9ed08d4f,-0.7900373285951844,0,,OK,57.56408732877612,,
ACME123,234,2ad2a45a-92e3-4aec-a5ec-141d83a664d0,0.8188663991108345,0,,NOT_OK,50.57327903032488,,
ACME123,234,2c5732ac-a313-4bc1-8c20-1d15d12a622a,-1.5722437585824616,0,,OK,51.9019207799884,,
ACME123,234,2e084c4b-6274-46b0-88de-aca9cc095856,-1.1321470668152496,0,,NOT_OK,56.205605361110635,,
ACME123,234,2e8724fb-7874-43e4-ae70-8e4eebaf3882,-1.7175169406173607,0,,OK,47.07227618347747,,
ACME123,234,2ee3cadb-f6f7-4621-ab67-6e2a21da5a36,0.2307893888005649,,,,66.23172402217655,,
ACME123,234,2f10d3bf-e5ed-450b-ba05-ea51b9dbc14c,-0.7995458628749204,,,,58.52762442902183,,
ACME123,234,2fd4ca4b-7e5c-4465-ad35-1116e2757f45,-0.1321755955980478,0,,OK,54.0135990992038,,
ACME123,234,2fd9796f-6fbc-4952-909b-cc0e07006d2c,-1.7657588760441496,2,,OK,51.109573246550575,,
ACME123,234,3032e9fe-34b3-4348-8f54-c185845b25a0,-0.3461574308940952,2,,NOT_OK,51.592119951700035,,
ACME123,234,3045cac6-1273-4b4c-b8bf-def8bbc24afa,-0.3916689270958304,2,,OK,52.62285276129341,,
ACME123,234,30f5325d-ed9f-467f-a325-91964ecf6e46,0.46131022997700055,2,,OK,43.6572264129799,,
ACME123,234,31969132-5f67-4674-b44d-0db788e088ab,0.04000690590002343,4,,,44.09157139308309,,
ACME123,234,3209d1fb-d013-4222-bbbb-efbaac77cc53,-0.1473228846250197,4,,OK,38.5459051329989,,
ACME123,234,32a77396-374c-41fd-a373-a3552a215dbf,-1.7747451465471649,1,,OK,34.06280995544673,,
ACME123,234,3358a15e-454d-411e-8fcc-9f5cd53d771b,0.4978774957238414,3,,OK,60.42469109762513,,
ACME123,234,33c8914b-f5ac-4c17-a453-bb324c32f208,-1.9281870695251326,3,,OK,49.77574258636967,,
ACME123,234,3458d393-9b57-4f56-a4e9-3815845d0b82,1.7588633732079353,0,,OK,48.28216130351333,,
ACME123,234,37e2c04a-3e51-493f-8088-13d09b741b47,-1.3857266229338456,4,,,67.29334475266684,,
ACME123,234,385f65e0-73df-4b9d-9242-c63857947a3f,0.7231090556936213,,,,42.491287143048,,
ACME123,234,38b7865e-1158-40c6-97a7-4c87c32df55e,-1.0476774535491005,3,,,58.97734634442361,,
ACME123,234,3a195d9a-211f-4336-a33f-0a0c69a6a8fe,0.3046020093586028,3,,OK,52.53782399311001,,
ACME123,234,3a8a4cbd-9f8f-4d57-ac3a-7d75aad83080,1.0051142155804687,2,,OK,43.3492813295417,,
ACME123,234,3add8e5e-c6e2-407f-aa47-c9805652a965,0.18241782132235587,1,,OK,61.97794708153371,,
ACME123,234,3b50e221-5aa1-4ceb-b619-2c8eae1e56b1,0.4687558935985803,2,,OK,34.17150504785141,,
ACME123,234,3b9f144f-64be-41b4-ab0d-b7575e7bf378,0.4773839848782504,3,,OK,59.123522846149854,,
ACME123,234,3bf508e2-0e83-45e8-b1a9-9e849b2fcd9c,0.8328923283294376,1,,OK,69.60726946689901,,
ACME123,234,3d261763-801b-48f7-84ed-8c6348b7a09a,-0.6615409339605045,3,,OK,62.51533946933654,,
ACME123,234,3de5e853-286c-40ff-96d4-b220e75ecf1c,0.30495759255888194,1,,,61.883058399825956,,
ACME123,234,3f00a5a0-b3bd-4a3a-a7b5-6b7c8b08bbba,-0.5596893009642703,4,,OK,46.125939685242365,,
ACME123,234,3f0ae27b-01de-4660-9a34-3db554e06e0e,0.28881883891595045,2,,OK,64.06363182648968,,
ACME123,234,3fbe88fd-3a7c-4297-bb87-94265f89d636,1.1027826632226287,3,,,60.3659047750144,,
ACME123,234,40aa183d-7aef-41d4-936e-6c980df5f896,1.3184614764873064,,,,,,
ACME123,234,40f44aaf-dd5a-4a5d-93e6-02b472b443c8,-0.4221716473223332,4,,OK,50.191866135479685,,
ACME123,234,41156d8d-6a92-424f-a764-629104150513,0.9816048147848336,4,,,50.99511130885638,,
ACME123,234,41297b13-a0af-459a-b533-43706ddadd93,0.9261378718019951,1,,OK,57.989962977862504,,
ACME123,234,4151c66f-6e1b-4027-a314-b415ccc94c55,-1.0227882352034117,2,,OK,75.75491911278584,,
ACME123,234,42610c5d-feae-45f4-b8f6-a280368c7d65,-0.5809479437094798,1,,,36.794433929619345,,
ACME123,234,42d34805-c174-4d35-8c5b-615ae498ffcb,0.18364709055749442,2,,OK,52.1255249001011,,
ACME123,234,42eb84b4-0bef-472c-9a44-1e33275b1297,0.2980636910438147,1,,OK,62.286475239897044,,
ACME123,234,43b2d1c6-67c9-41fb-9e36-8497f2e87db9,0.42453918095597865,1,,,40.516188236723785,,
ACME123,234,44645bee-54b8-4c5b-bb77-fbcecb0fd657,-0.697311814511569,0,,OK,68.37504245561063,,
ACME123,234,44d453ec-a42c-4b85-b4ee-9fcf24a8b487,-0.478693765483148,0,,OK,52.62875948413655,,
ACME123,234,44fce785-ad86-43b0-bf1f-5619135f6a90,1.702883782488403,0,,OK,41.26462462965647,,
ACME123,234,45cd2159-4501-4eaf-a0ea-25f4d089260f,0.3375849584058549,4,,OK,55.014406476551684,,
ACME123,234,46214599-151a-44cb-a488-0b1dbbbb087a,-1.4200744648133206,2,,NOT_OK,59.2391454357592,,
ACME123,234,4653f765-c302-45cd-bf9b-473a9d41131a,2.3539587745402497,1,,OK,44.777957128242505,,
ACME123,234,47245ccd-9d13-4014-af7a-86583413698c,-0.9873500546555837,0,,,47.423427581354396,,
ACME123,234,4ac170d6-a65e-4334-ae04-60d6d89bae45,-0.7523738117940576,4,,,38.181229521525616,,
ACME123,234,4b4e8886-c92c-40fd-8dda-e3f6063c6d95,-0.8273844430593718,,,,52.812713037456035,,
ACME123,234,4b620ba2-579a-4e32-8eca-857018beada5,0.7101609287162919,0,,OK,53.21330120398593,,
ACME123,234,4bc9a964-7559-4286-a701-181768e67b25,0.5578089038203851,1,,,61.50165826167047,,
ACME123,234,4c975a8e-e33a-4f39-bad6-99dfd06a54e2,-0.8938086620233965,1,,OK,47.713919351814205,,
ACME123,234,4d4ba2aa-1232-47b9-aaac-f5a8c8075ae1,0.8507575619552158,,,,,,
ACME123,234,4e0042b2-0f9e-414d-bfa6-9a36d2afc74f,1.6122478862631053,0,,NOT_OK,57.550200762312855,,
ACME123,234,4e09db25-181f-4fbf-be6d-8425b820e4a5,-0.8996716587353731,4,,,37.42885582824363,,
ACME123,234,4e51e4f9-0a1b-437d-8fb7-4060b21e15ee,-0.46488233414559105,0,,NOT_OK,48.835051016294905,,
ACME123,234,4ec9d33d-083d-4109-b863-97e95d6cc268,-1.0331142753914604,3,,OK,63.959675513056595,,
ACME123,234,4f900414-1546-47b4-b752-611018122b96,-1.0697519175873578,0,,OK,60.91877638145966,,
ACME123,234,5006e943-7969-44b7-8641-0b36700d3af9,-0.4855449175497161,2,,OK,63.02997718811418,,
ACME123,234,5075a7c9-2162-4830-a1c6-4595fc90ee1d,1.162314084228579,,,,,,
ACME123,234,509cab7f-f18b-4310-934c-c4f19781b0d6,-0.028555795714468552,0,,OK,54.41404510267128,,
ACME123,234,5122f7a4-6564-4a47-92cf-4884b6796309,0.33714368912749043,3,,OK,56.892970953494476,,
ACME123,234,5144ae4b-9ab8-4dc9-84cc-bb93cbd248cf,0.6231386115837968,,,,62.366380302376655,,
ACME123,234,51a2e574-1a19-4522-b5ad-d13dff02c5b9,-0.9907940992077373,3,,OK,45.54607191022158,,
ACME123,234,526d5a08-7b69-4c46-b220-ec3ed25588c8,0.3290773520445514,3,,,58.52707334312112,,
ACME123,234,527ea466-38f5-4e95-a3f9-597c54f0f8a1,0.2610513686725374,4,,OK,58.067667544559285,,
ACME123,234,546cc3c6-7887-453d-ae72-823a97d0c297,1.1514745964967639,,,,30.99359845389563,,
ACME123,234,565b7473-85e6-4f25-965b-142ac423eccc,0.6111179387832402,0,,OK,62.135696129464804,,
ACME123,234,566bb4cb-7c0d-4776-8b8d-116b48c42b2d,1.1043996932203497,3,,OK,45.64830987740429,,
ACME123,234,57679fc2-f928-4935-a40a-493d1bd253ae,-0.41358189116655997,2,,NOT_OK,28.633579706364586,,
ACME123,234,581dc6f3-0272-4313-9ee8-8f225d84dc50,-0.608568617464656,3,,,47.25738522657853,,
ACME123,234,59700885-80d2-4a29-9310-c6cd7dd4d28f,-0.6423861687127725,2,,,32.48817524482972,,
ACME123,234,5a0940f0-6ab5-47c2-a09f-ec3f32e711c6,-0.4043437211990729,,,,,,
ACME123,234,5aedea8d-a2d1-4928-bf0e-778df2b2cb36,0.7864703307843709,1,,OK,54.41072932090874,,
ACME123,234,5b14edf7-43c8-478c-8235-4cf05d717b61,-1.1073028431474325,,,,51.07828641714816,,
ACME123,234,5b65bfb6-a6c7-4069-95f0-e66ef53452a2,0.5677410661194058,2,,,67.79928295964235,,
ACME123,234,5b846d7e-0cb0-45c3-8619-fdbb06577940,-0.3173320126156867,,,,38.92631330977227,,
ACME123,234,5bd77b2a-2d4f-4444-abab-5872bfecb55c,0.22510075094555346,1,,OK,33.62914084694298,,
ACME123,234,5c7ce689-3ead-4da4-b8a9-c233fc91c349,-0.5490160407462611,4,,OK,54.903091760840816,,
ACME123,234,5caa80b7-1120-4fcd-8048-f22efc2624a5,1.1440127238540323,,,,,,
ACME123,234,5e0636cc-b895-466c-9e2d-7f82aeaaa398,0.17106513370380144,2,,OK,48.47287932504599,,
ACME123,234,5e0a45a5-64b6-496a-a894-874e97182d44,0.6441895129943365,1,,NOT_OK,57.64916839995077,,
ACME123,234,5f34a20e-e321-41a8-947f-1f7cce628e40,0.9520148329595667,2,,,57.9426824891043,,
ACME123,234,5f35da68-bb00-4765-b564-e59064c56d60,0.5102079114650209,3,,OK,43.643514653165994,,
ACME123,234,615d4c13-67f6-4d06-803f-745b116cccb9,-1.0234661089902921,3,,OK,79.4022964143948,,
ACME123,234,6182e60f-6c54-4541-bc5e-2b9b679ba64e,0.44691922710899895,,,,,,
ACME123,234,61f0f544-d6e9-431d-929c-ab88c5d3aa0b,0.8373002924375987,0,,OK,61.66111932941936,,
ACME123,234,620251ee-f97d-4c3b-ad60-fc9cf3fcae8f,-0.20886531950788342,,,,56.73246409633376,,
ACME123,234,63a7a549-7cb9-4caa-8296-849463d84275,,3,,,63.7474132763169,,
ACME123,234,64eff3ae-7189-4b57-941f-bd58fa642337,0.847799418172938,1,,OK,53.804807346552025,,
ACME123,234,66469cc3-d4d4-4222-8085-c5e7d5742140,-0.7074314042508909,1,,OK,59.175863280108246,,
ACME123,234,6883a250-110d-4611-8775-d4532ce0e846,-1.2708303061879398,3,,,53.750906510505274,,
ACME123,234,68ba040b-1d9a-4cb8-9061-ecd0854f6c35,-0.3881912043985224,3,,,31.796768744495154,,
ACME123,234,6941aa5a-f7aa-417b-9bb5-94162d295883,1.1175951236633923,,,,45.31180387792412,,
ACME123,234,6a691b50-dc30-41ee-a9c6-3446c8297c0b,1.1015727369480448,4,,OK,68.26801306508355,,
ACME123,234,6ab54759-d4ec-4a06-a2aa-dafd814cd4a4,1.344004868030465,1,,OK,55.92269576724603,,
ACME123,234,6b8d1a15-c855-4205-bab5-717ec4ae626c,-0.3600883779012649,0,,NOT_OK,49.027467963488974,,
ACME123,234,6c3a897e-d95e-4e22-b916-9142703b3703,1.188017678542206,1,,OK,60.34990445074972,,
ACME123,234,6ca9ce68-6016-4d09-b447-2c4bf9945ee7,1.357144424070004,,,,44.445819103110786,,
ACME123,234,6cc1a81c-89c5-4425-9a78-26cda11e1afd,-1.3436162885779173,0,,OK,54.867897421762954,,
ACME123,234,6cd7688e-fa1b-449b-8e5d-c5d6d89781d7,-0.21754167834043062,3,,OK,36.82005365037449,,
ACME123,234,6d0f8dd7-a2cf-4197-8812-c0dc02b97073,0.22070654489356073,4,,OK,44.12673957159946,,
ACME123,234,6e41f686-3007-4b9c-8d45-f3814234596b,-0.20448377696445336,0,,OK,57.569813030049794,,
ACME123,234,6e5efa95-c687-49dc-b066-de0f10770710,0.5196192462823139,0,,,59.655590773297796,,
ACME123,234,6f599916-b8bf-4927-bbfc-5fba3624f7c5,-1.0501877319067925,4,,OK,52.470889261793374,,
ACME123,234,6f8ef038-1d5c-4e2f-b101-32b2dcb993c8,-0.2935771790557132,4,,,38.59738010002925,,
ACME123,234,7029cb25-772a-42e1-9e9d-fc8e7553131c,0.079789676457312,0,,OK,50.117314789664185,,
ACME123,234,70a23d6b-dab4-4cd5-a8eb-1a303645af9b,1.6792319178833286,2,,OK,64.62367286008147,,
ACME123,234,72f6d4a7-1591-4784-91e3-163a7f190566,-1.8077900866845171,2,,,44.12646102762675,,
ACME123,234,732c8164-b61f-4d32-a3e6-1c8bd21b91e2,0.28461222076362713,,,,,,
ACME123,234,73321874-07fe-430f-be45-e14290ca24ae,0.5541253513720711,2,,OK,61.680021776152905,,
ACME123,234,735f32d2-994f-4985-94ca-cad4405e1e2f,1.1711720918219373,3,,OK,65.3385301985145,,
ACME123,234,7472014b-f7f5-4cfb-bb47-6429ee48e7d3,-0.7922266662808457,0,,OK,48.275701070521954,,
ACME123,234,764fd3b0-924c-47ce-86ca-4503ea2b92d9,0.2511759526873875,4,,OK,49.06355254942997,,
ACME123,234,76c6f25d-7270-4963-8b3c-e86bc1a4518f,-0.03993272094505167,,,,,,
ACME123,234,78589140-99d1-43b1-a416-04ad370158ec,0.4948435549814318,3,,OK,48.05758065021804,,
ACME123,234,7b7093d4-7f33-456d-9e28-d31963b2d36c,0.814396846939357,4,,OK,60.187419667724335,,
ACME123,234,7b9f1a6c-1582-4871-acaf-3b39f958363c,0.37627337086629026,4,,OK,49.424483525174516,,
ACME123,234,7cccafa4-8a68-4240-be10-65eb254d12e2,1.3704150996554465,0,,,41.43400842391625,,
ACME123,234,7defbbbd-ca60-4e4a-87b5-da685f3fb51f,0.34844179016284543,1,,OK,42.47320519817574,,
ACME123,234,7f24b062-4a77-46bd-93c9-255ae024b37d,1.9566975273057898,4,,OK,61.74121322834753,,
ACME123,234,7f4b1cc2-af36-4be4-ac89-a05f03388cc8,-1.1595422508178785,3,,OK,49.516319927052486,,
ACME123,234,80335a08-5258-4769-865b-862dcde76715,-2.0642823046687053,2,,OK,52.60520849520497,,
ACME123,234,80c7f385-392b-4ae7-a447-e2d21f8a91f1,-0.7290513051039145,2,,OK,47.91723520381173,,
ACME123,234,8274fbc8-b99f-45ac-8426-591751b0897e,0.9233895547139108,,,,,,
ACME123,234,82c84c0e-49c4-49a0-a63f-64b282ce686c,-0.29946637307054236,2,,,27.554596773905725,,
ACME123,234,83766df2-3892-4127-88d5-b4ff3b374496,-0.7401673946177009,0,,OK,60.33611534179882,,
ACME123,234,840f54a4-5c7a-4a68-b926-d2428f01653d,-0.2102204141805056,,,,54.923858421231074,,
ACME123,234,84b4a243-2ef7-4598-841b-35181da70e7c,0.7057346645035448,4,,OK,65.4163324608254,,
ACME123,234,85752878-02a3-42b9-9264-d54134466552,-0.3479219803831949,3,,OK,58.187904270197585,,
ACME123,234,85945645-133e-4657-b67d-56835568d11e,-0.37833281571619204,3,,OK,35.719803977315784,,
ACME123,234,85a7a0e5-fc8c-4937-857f-f71baaadfd7b,1.2204182380355415,,,,42.78513936350878,,
ACME123,234,87304d58-cbb7-49f1-bb9b-d0137a7f33d5,0.045937380104171144,2,,OK,33.860242969001696,,
ACME123,234,873b4b06-985a-4ef1-8dd6-0f01b7f16732,-0.12256200809304153,3,,OK,39.71458616225152,,
ACME123,234,87a8dea5-e928-4fca-bdc7-59a8514428e4,1.0635078991815647,4,,OK,28.381017938363296,,
ACME123,234,898b0252-40a9-4e53-8be5-89150bec565c,0.7499879901502472,2,,OK,44.23996485613412,,
ACME123,234,89d24320-2760-4edc-a216-5bd71e514632,1.7265959858762863,,,,,,
ACME123,234,8ab9a6a7-c6a4-4b3d-bab4-ee9a037f69a7,0.2648446304228966,4,,OK,60.99015612116254,,
ACME123,234,8afc9c83-73c5-4938-97c2-f113b6685fca,1.8326948702159849,2,,OK,46.52154845931615,,
ACME123,234,8b19b3b8-6461-47d4-bacd-697b1a641644,-0.2391057385589791,2,,,59.50887717142561,,
ACME123,234,8b7efc53-6c5a-4857-9cd9-62c27c6ca0db,1.4441746115047347,0,,,52.713574624564,,
ACME123,234,8bef8ee1-9922-46ec-a53a-cf76775ff9c8,1.3011841861908389,4,,OK,53.12810191029203,,
ACME123,234,8bff894e-2a34-47a3-b44d-e1cfaf6dd6a4,-0.16771753551762456,2,,OK,42.85978986722118,,
ACME123,234,8f74f9b3-b302-4520-8efc-d81c2f51b9d5,0.3978355692946387,2,,OK,42.42338742394487,,
ACME123,234,9081c8a5-f044-42e6-91c8-87886269610a,0.24903338268322042,0,,OK,48.916674698413836,,
ACME123,234,90c8d136-73dd-4e75-ba89-31610110535f,0.6329014865521134,1,,OK,37.61270245913628,,
ACME123,234,92fd3bf6-e838-475d-a099-c237f045dff6,1.2778239878125812,1,,OK,,,
ACME123,234,947472eb-2e25-4dea-acdc-620e474f3875,0.0854001099445109,2,,,37.480260757878305,,
ACME123,234,9614f3ec-7ff5-4ace-8c0d-a7ab6c580708,-0.5076755267889232,3,,OK,37.14230069098685,,
ACME123,234,96431578-6708-467c-892b-b53c72b6e7dd,-0.31094859408498127,4,,OK,45.47401114976344,,
ACME123,234,9885cd0c-c705-442a-b2c9-d5ba8cdb1782,-0.11595113002709492,1,,OK,40.13676037920458,,
ACME123,234,99eda9ba-3a36-4291-903f-f74177219273,0.02242773375303238,3,,,84.15227326877124,,
ACME123,234,9a9ccdf7-0f64-4c8e-9c59-aa0c6e6a93ae,0.360346119203854,1,,OK,56.3341650718323,,
ACME123,234,9b1b63cf-88ff-4e93-8250-445b5623b15b,1.4368272099767578,,,,45.2351540806536,,
ACME123,234,9ccdee87-0e31-4ded-8e29-e9deb512c327,-1.5984354962487974,4,,OK,24.255483330928147,,
ACME123,234,9e6511a6-ce9e-4c84-8f71-99fbc2146c6a,-0.8286752707470176,1,,OK,34.0926737633919,,
ACME123,234,9ea9ad74-a45b-4158-9911-7041c8f9588a,-2.113841007540491,2,,OK,53.54353241299033,,
ACME123,234,9fb09386-92a2-4733-ab08-5061d23e1718,0.6513520634438906,0,,NOT_OK,35.18972791028219,,
ACME123,234,9fdad051-871f-438e-8e30-427d03e90ea6,1.1436434966282434,2,,OK,48.75861565980166,,
ACME123,234,9fe70538-fef8-4cd2-9af3-6d3b97819019,-0.9559420988885876,3,,OK,50.02887716370897,,
ACME123,234,a007e7a9-aefb-4a4d-a68a-ddee2425bfdc,0.360879019687116,3,,OK,56.01089486425489,,
ACME123,234,a15853f2-d0e9-405b-9003-ad3de5438c5d,-0.20139197023577698,0,,OK,58.50125733350594,,
ACME123,234,a23b72ea-bc95-46ad-964a-37e4432625cf,0.7084350918268001,3,,OK,55.71143386394751,,
ACME123,234,a332da3a-af82-4db0-81da-caf82ebb6c93,0.13664356998870972,0,,OK,38.48490329931125,,
ACME123,234,a3e72859-1492-4e95-89c6-e876f835bc67,0.5822942045378241,3,,OK,32.2679003227914,,
ACME123,234,a643b7af-6566-4b61-94d3-82e3820069be,-0.8939784235001772,0,,OK,55.33130630687015,,
ACME123,234,a6f39a14-3311-4679-8cc4-f65006de6afc,0.08862048027148643,4,,OK,46.51417221451361,,
ACME123,234,a854a181-68db-4ab4-be5d-406484cf6625,0.36976086409933306,4,,OK,61.48800725677033,,
ACME123,234,a8ac778d-8b34-4304-bd52-99c4dc796e48,-2.904750568871291,2,,OK,33.56660764648961,,
ACME123,234,a98c24ad-6bf5-40a9-b26e-e198ffe7be7d,1.1593972182738281,2,,OK,44.33307295051662,,
ACME123,234,a9a6ca83-e131-4588-97af-6c2a8ac7d2c5,-1.0046025332297055,3,,OK,69.91925288815841,,
ACME123,234,a9ba4878-60f0-4894-9669-285b95320d6f,0.08945476802156457,1,,OK,51.72769623857196,,
ACME123,234,a9f794a0-c9d5-486d-8fc8-785001e615bf,1.820031236971366,,,,37.09121257040901,,
ACME123,234,abc44d0b-5a5f-4e93-ab65-a2e8a1f041a3,-1.633475829313484,0,,OK,59.04284601071449,,
ACME123,234,abf9ba32-6506-4039-8205-f001cfed67a7,-1.7111614384176939,0,,NOT_OK,47.63385993058371,,
ACME123,234,ac8fcec8-80fe-4ad5-9c53-0f9d79849572,1.2248170177098787,0,,OK,65.12474744131069,,
ACME123,234,aff9ebd8-6e98-4518-8300-12a45fe074c3,0.37917849454201896,2,,,38.573697185456176,,
ACME123,234,b04c5275-fa65-4b09-b983-8674237ea1b4,-1.2044642233658267,1,,NOT_OK,54.398877077663634,,
ACME123,234,b0ebc833-f452-4158-880f-259cc50a9ba5,0.45507428807993533,0,,OK,46.594338001112995,,
ACME123,234,b12bd7ea-df52-4663-8ed3-cbec102a25b7,1.4072744362187546,,,,47.44505562285812,,
ACME123,234,b1ffea81-34ea-4b5b-97c0-9a68f4f98dd2,0.7924749613412992,1,,,48.75597806752129,,
ACME123,234,b21c9ed7-5877-42b7-9bbc-cf3ed0418936,-1.2120170063388551,4,,OK,40.14373704735418,,
ACME123,234,b22e5f31-3e2e-428f-b38a-3bf12239d8a1,-0.5367377770229407,3,,OK,50.53016803723772,,
ACME123,234,b2e926d9-606d-41b5-929a-9673a7c02bf0,-0.23659033555344902,1,,OK,35.76823288638687,,
ACME123,234,b36b7ce4-9ef7-4f99-aeca-201cf1adf63e,-0.22707648223453733,3,,OK,45.55717719677388,,
ACME123,234,b469597e-4301-47cd-93ce-18581b4079df,1.0344195969484775,2,,OK,47.806295279419565,,
ACME123,234,b6e759f0-53b3-4e6c-9f30-cf712afe92a2,-0.4915234187587447,0,,OK,28.638874937542234,,
ACME123,234,b737361b-7399-4a9f-b848-c653c7fe5b46,-1.6304410763219144,1,,NOT_OK,61.671734050246606,,
ACME123,234,b889ac75-1791-4802-babf-204e7c361a88,1.2849289663075645,4,,NOT_OK,68.2158037585968,,
ACME123,234,b8f6b8ba-5e12-4d5b-b24d-830d72b328c0,-0.5373580087591169,1,,OK,52.8542398485449,,
ACME123,234,ba1b6ec4-ed30-4204-9883-4c39202e6fcd,-0.22906428017800992,3,,OK,35.330105672668594,,
ACME123,234,bb2176c1-2a6c-4e06-b4ca-9cd2ad956738,-1.6606854150824846,2,,,42.09780867810585,,
ACME123,234,bb9db18d-223c-4454-9de3-b2bf606d79ec,-0.4615293004331556,4,,OK,56.14919358659398,,
ACME123,234,bbe334a1-ffff-4e15-aee0-248c181f86f3,-0.8221708284853582,2,,OK,53.923860819124876,,
ACME123,234,bbf95427-e8ca-4991-9a61-0a0039b2a42c,0.3719234369113143,3,,OK,55.8148762025338,,
ACME123,234,bd1df8e9-4240-4ee2-b50c-95fed03d8814,0.887535548052718,,,,46.2866328289763,,
ACME123,234,bdc1b968-d284-4a80-b3af-e8e496506829,-0.3368717013475637,2,,OK,56.96653899704836,,
ACME123,234,bdf29166-b395-4818-a497-6eb5ee258c55,0.7040345560096467,,,,45.35443492495041,,
ACME123,234,be32c24f-e97f-4d3b-a8ff-18223db6b776,-1.2399611910428885,4,,OK,46.96437872230347,,
ACME123,234,bef82a69-cd25-4724-aef9-fedfd34333ad,0.24680544977341035,0,,OK,49.44380092327517,,
ACME123,234,bf53ea51-1b22-4b55-a946-2a6bf0febda2,-1.0551549124652013,2,,OK,50.08087654028829,,
ACME123,234,bf86b492-55b5-4fe1-9fee-a3623d091a05,-0.05583948013655774,4,,OK,52.19857629166597,,
ACME123,234,c055889b-b184-4fdc-a416-3699e52306c3,0.7620283482875194,3,,OK,48.9018461314063,,
ACME123,234,c1d38121-81c5-4248-ae05-7d3f292e3b55,1.3745667043260343,1,,OK,44.87175135440314,,
ACME123,234,c2257ea3-1ab7-4fd6-926e-5a4f7718a708,0.1605440964564023,,,,41.95209515155744,,
ACME123,234,c2a4f0ce-fdc9-4795-8277-dbc0c1b74c8d,-0.15650937122377062,2,,OK,81.28270454800739,,
ACME123,234,c4ec9234-3926-40ba-b126-96918505b836,0.02760530573561876,0,,OK,58.450836454314555,,
ACME123,234,c51a24f4-0b3e-45a4-8b45-65d3583b59c9,,1,,OK,52.683557481302316,,
ACME123,234,c54db4d1-4288-4a50-ad70-9e4b10eefc1f,0.43493116757936595,0,,OK,55.017340220320584,,
ACME123,234,c57b8a6c-4038-4f4d-97fc-f4fa7878a0e1,0.06295683679711678,1,,OK,41.052770420851495,,
ACME123,234,c5b0e8c7-0840-4aef-9719-509a86cc381b,0.9322218569152149,4,,NOT_OK,57.816810067438965,,
ACME123,234,c614b48d-0909-4f53-b166-30b7b6e8b49e,-0.1236025640797363,2,,OK,44.69658609552304,,
ACME123,234,c6327620-d13f-4a4a-bd85-8d29bed0bbaf,0.12239483013416008,1,,NOT_OK,46.146497179727376,,
ACME123,234,c6522b7e-d4fe-4c86-a460-49b6111b4fbb,0.8810310757440911,2,,OK,,,
ACME123,234,c6538a53-943b-4700-a74a-175372fa0a1c,-1.1342162005038832,0,,,53.091251299496754,,
ACME123,234,c6db6d48-1693-432f-91b4-e6622d435ad2,1.1430315119616328,3,,OK,51.641644370883405,,
ACME123,234,c72d9b45-10ad-445b-947b-2dcd02820410,-0.0009654217175567857,0,,OK,62.99815556866386,,
ACME123,234,c74f97b4-308b-4252-bbaf-339b49baa386,-0.6745238417866866,0,,OK,47.03306239435569,,
ACME123,234,c8804195-7a80-4e85-8e5b-f2474f1048e8,1.9924226686298068,,,,53.01283750978532,,
ACME123,234,c92ed168-098c-4368-a12b-ea996344c9ad,-0.4520607955070362,3,,OK,29.460679806990267,,
ACME123,234,c9dfe3e0-3645-457c-8cef-29f042697870,-0.565700380247758,3,,OK,60.50113938990513,,
ACME123,234,ca6a62c8-1d93-43d6-821d-8e4f80f450ff,-0.4727544034838415,2,,OK,37.151567277734756,,
ACME123,234,cb19f158-27f5-47bf-963e-310cee180cb1,-1.4250335076761647,2,,NOT_OK,43.53543025320826,,
ACME123,234,cb52a728-fcef-47fd-b42c-a2f2d74aee18,-0.01621431458476297,3,,,50.255925238242476,,
ACME123,234,cb60b8fa-ffac-40b2-8dc4-48cbf26cf8a7,-0.008558437484419826,0,,OK,30.27917742955056,,
ACME123,234,cb766e6e-8a51-4ec0-a370-95621343792d,-0.18331738435828998,0,,OK,46.502844869020564,,
ACME123,234,cb861494-30fd-49d5-af07-66b9d4b25d1e,-0.27672454973984,3,,OK,40.32491612465896,,
ACME123,234,cbd47f4b-6a98-4020-8373-59804c08b603,0.9222820990898419,0,,OK,58.757046098249454,,
ACME123,234,cbffa876-4638-43f3-8399-92580287aacd,-0.8984614957489393,,,,48.02116019368738,,
ACME123,234,ccc7d9a8-8190-4925-94e5-c64a2869af42,1.6845006873767863,4,,OK,48.674848347313656,,
ACME123,234,ced1a886-ea6c-4b29-ad51-89ed9f79f70b,-0.2581619513850161,4,,OK,37.67671875556578,,
ACME123,234,cf24f857-f83b-4c92-a720-e4b9707df802,-0.6395596859344237,1,,OK,45.44046667857028,,
ACME123,234,d01c90d0-f248-4391-86de-72a4393f9e85,-1.1015419724788045,4,,OK,19.953266608186095,,
ACME123,234,d0525688-848f-4f80-895c-6ddee3b5b4df,0.08988595423650247,3,,OK,29.928191817725754,,
ACME123,234,d137bd96-fd85-47e7-b11e-65221bff1c87,-1.3522964495446395,1,,OK,41.31351173729473,,
ACME123,234,d148a731-d0b4-441e-ac1e-784e9993d5ec,0.27700552490615554,1,,OK,72.7499369223286,,
ACME123,234,d1874506-07c9-4569-b5ff-2f1ed0ffa193,0.3466954408635899,1,,NOT_OK,42.76650643564241,,
ACME123,234,d2ef6c53-c156-4406-abb3-3f67f3044b1d,0.7385188792503564,4,,OK,37.99424872112886,,
ACME123,234,d477c8e1-9d97-4bd2-96cc-7363ae06f9fc,0.13870215531825594,3,,NOT_OK,49.4179366494518,,
ACME123,234,d7735857-dc78-4dbe-99b0-b3ea8bd10343,0.18058091530939055,2,,OK,67.12302922739826,,
ACME123,234,d7a4a041-b210-4a61-99bc-2349bbc7fde2,-0.8161902221379831,3,,OK,38.79095076067976,,
ACME123,234,d7f3d447-d1a7-41cf-932d-fab52f041f37,0.04522013292716147,1,,OK,55.930108941682526,,
ACME123,234,d81c1b26-8102-4383-9f9a-f925b5fb0d44,-0.14599082085331985,1,,OK,48.31071468596329,,
ACME123,234,d84dafea-2ad0-4428-b80d-6c9d1998ddc5,0.05783529140932727,2,,OK,57.96667248953387,,
ACME123,234,d85013c9-ad5c-4bb7-80dd-df290cdf5a62,-0.18179656306126274,0,,OK,44.62943187404157,,
ACME123,234,d8a98391-ec85-499b-adad-f7abae304bce,0.35133758013887045,3,,OK,52.05792101764445,,
ACME123,234,d92a09e2-11cf-4b8b-8e55-a5ce0fec32f7,-1.6416230472741509,4,,OK,45.46724628268388,,
ACME123,234,d9ccd49c-bd0d-4924-8ff5-66fbda9a9cf1,-0.8185899808965176,0,,OK,46.879832090383374,,
ACME123,234,da299f13-b0a1-4588-b6ea-cd391e48257c,0.8720679897908988,0,,OK,33.564298171275276,,
ACME123,234,dbb87b73-e59f-489c-96ca-900f643110f2,-0.22732667560167844,4,,,47.595042165614515,,
ACME123,234,dca5a34a-7a74-4e77-8d5a-f464a3530f0d,-1.6299081385022263,,,,53.523407866093244,,
ACME123,234,dd95884a-1d04-4002-be08-0c68ecda89c5,-0.8303234925059793,,,,78.7795688334889,,
ACME123,234,df0c0f0a-9689-4da1-a39a-a8eb5eb10984,2.004504297448324,3,,OK,54.03933215794047,,
ACME123,234,df65d00e-ec4b-4cf7-b5d2-fe3bb53c8bea,0.7405104062789022,0,,OK,31.773571205393075,,
ACME123,234,df95896f-83a7-42cb-b05c-f5064d1a6f78,0.9084958039051644,2,,,49.66206648430683,,
ACME123,234,dfe8048a-6f27-4f3b-abfd-f081c1169052,0.29955761370330536,0,,OK,43.2103713294263,,
ACME123,234,e194ca28-bf29-4d96-b870-062bb689f74e,0.4742269554979146,2,,,56.94330083036081,,
ACME123,234,e1f6c936-cf43-4eb7-a1b4-f43cb5c3c0a3,-0.49783830245486865,3,,OK,40.43470763810063,,
ACME123,234,e27f3c4c-a216-49dd-9e30-274b19f496d6,-0.2487751683379889,0,,OK,48.17611432799458,,
ACME123,234,e2ec58a7-274a-41a6-9893-34ca96f1e17a,-0.013833051478936353,,,,,,
ACME123,234,e2ee010c-16fa-464d-9ec4-497093c3133e,0.7286671365896464,2,,OK,46.35939393230909,,
ACME123,234,e3588920-bc21-494d-8d7a-a0075b09655d,-0.3945329707167618,0,,OK,45.92333470203306,,
ACME123,234,e3c4091c-f0da-4ca2-b46a-02b6fc216494,0.5735141124796933,0,,OK,53.532067202961706,,
ACME123,234,e3e5d2e3-a5cc-4870-a6b6-89e7fe4723c5,-1.17599594228965,,,,56.73649195697321,,
ACME123,234,e3fc43e0-f21a-400a-b483-b589b09f12d7,1.2561884610514935,1,,OK,67.5222511433869,,
ACME123,234,e5b775f3-4735-499a-b04b-900f51d435f8,0.2871664020322963,2,,OK,56.248939764864936,,
ACME123,234,e6244e6b-52c1-4a83-9cdd-30ad00517873,-0.014277090731623266,0,,OK,41.771916605433056,,
ACME123,234,e6936b4e-9fb6-482b-8f40-45f6aeb59acc,-1.416688570050684,1,,OK,58.754611703589596,,
ACME123,234,e760e08c-10e4-4f5c-a78b-37973d9d6ed9,1.9773776970069834,4,,OK,39.55774288762903,,
ACME123,234,e77ed2e9-12ee-4496-9403-cfd5a42615da,0.737716677289161,1,,OK,48.67171557343996,,
ACME123,234,e7fa537e-3334-428e-a571-715d66624242,-0.5513938261592917,0,,OK,59.069669103810554,,
ACME123,234,ea649648-0a96-4ded-9544-d05e9592e3f6,-1.0898015913658103,3,,OK,67.50319882088985,,
ACME123,234,eb66173a-fdd4-4367-9fb7-f4faf55ff62f,0.09256053028139874,2,,NOT_OK,55.70098183238527,,
ACME123,234,ebd4bebd-b5be-4070-87fc-817879f840fc,-1.5884092958907188,2,,OK,49.248465735789466,,
ACME123,234,ed058728-d5fb-4928-b907-4da9c817f99f,0.8037974077115955,0,,OK,48.788896312591525,,
ACME123,234,eda6cdb7-1a0c-4cd4-839c-10c5d61917b1,2.33390528421913,1,,OK,41.50005463570367,,
ACME123,234,ee7cdbeb-6123-4f8e-b6a3-c4aff26f1db2,-1.4810467363662054,0,,,60.67281554656788,,
ACME123,234,eefb1820-1924-46ce-b541-d1174b15deb8,-0.2893417875884216,2,,OK,54.01468792828056,,
ACME123,234,ef02bd19-26a7-4e0b-a60e-ad913524b3aa,1.0395030126574485,1,,OK,41.68713552104752,,
ACME123,234,ef5e873c-3fe9-4784-8874-9767744d89ff,1.0237782061703689,,,,,,
ACME123,234,eff8fe6c-8d3c-4c58-97c9-798c7612d293,0.27660883887294196,0,,OK,50.63761828161683,,
ACME123,234,f0c5dea2-60e3-4dca-9612-a3eb3c0e9ea0,-3.1913649351060656,1,,NOT_OK,39.91926587761216,,
ACME123,234,f3fd7dab-e5f3-47f6-8c57-ce70b943f4a5,-1.6272238405582322,,,,,,
ACME123,234,f41ff032-fe0b-439c-ba88-1c7f39cfaf82,0.6277686628157769,3,,OK,44.819551831210646,,
ACME123,234,f520763d-168e-49b6-bf93-68b394ac41f0,0.7953289411250164,,,,35.99273635078089,,
ACME123,234,f55900e1-0c5c-460d-b21b-b4ef20935dbd,-1.2662967667387746,3,,OK,61.99237995583004,,
ACME123,234,f57564d5-3b16-4bf5-afda-dfe909c1e098,0.6400884568891844,,,,34.814103421753074,,
ACME123,234,f5851510-9a0b-4d6e-96bd-9cadea49e404,-0.5661514327263142,0,,OK,57.10432353301215,,
ACME123,234,f5e1b15c-3f76-435d-a240-da43058c0494,0.1028983628578993,0,,OK,41.350659718784065,,
ACME123,234,f6d7c8f5-ad76-4eaa-849e-5b567ffe230a,0.5800581781137056,0,,OK,44.94402338704432,,
ACME123,234,f712efdd-c566-48ba-a9ec-7fb4a19f437c,0.12889134550415812,3,,OK,50.41886412662612,,
ACME123,234,f81203a8-d4b4-416c-b337-cfaf4f8bd8b8,-0.8523773080251579,4,,OK,38.751568981782505,,
ACME123,234,f896c0a1-0d52-4cf5-8372-582a77c8e4ad,0.8888758459037707,3,,OK,39.96182639521105,,
ACME123,234,f8af6aef-e852-4688-aa7b-93167bda1766,-0.31744985527691744,0,,OK,49.108001209595415,,
ACME123,234,fcc2802d-e4db-45c4-b37c-afe8e3b158cd,-0.09301679089646175,2,,OK,54.70231739330267,,
ACME123,234,fddd13ea-b457-4e94-a444-6336dc1a4cb9,-1.265710712798191,1,,,44.44417615607531,,
ACME123,234,fe964fc6-7bba-417a-921b-3d3cce016fdb,-0.34796293457721367,,,NOT_OK,65.61594306294236,,
ACME123,234,ff0c5d06-12b2-45a2-ac8a-840dd3e2bdda,1.0597633136386704,3,,OK,60.199795521692835,,
ACME123,234,ff64bece-d597-45b1-a3a0-f2fa02417733,0.9631924021470066,0,,,53.52485230097182,,
ACME123,235,013a40ff-8f4c-480a-a3bc-288187ab560e,,,18.30355294571224,OK,,9,0.19572693852818857
ACME123,235,014ee085-94e4-4995-a976-1feb6c456f38,,,20.709884319536222,NOT_OK,,6,-0.43218979775000876
ACME123,235,03c93e12-9d25-4acf-90e9-bb818172c71a,,,19.82804141869295,OK,,0,0.9631687679063207
ACME123,235,054485d2-cc42-4c84-81f5-89642cdba1f8,,,20.841730450854147,OK,,4,0.48476254891700404
ACME123,235,05b7fa66-0f25-4c3c-8d40-594f569438c0,,,,,,7,-0.4453163117299105
ACME123,235,0629967d-7bb4-4d2f-bc67-315fe4c94c97,,,19.63845272553158,NOT_OK,,6,1.562146843543928
ACME123,235,0648b476-9af1-440f-998e-35ae3c64c432,,,18.48783365296166,,,,-2.154711575729115
ACME123,235,06ded37c-5bc2-4960-a0c0-c6dad9df4fb0,,,20.174944718087897,,,9,-0.30771585065041945
ACME123,235,07113031-bd8a-4a60-a150-a477d4290b3a,,,21.343014965141773,OK,,1,-0.7741765818430408
ACME123,235,0745465b-809b-4009-949b-bb8b4799f6d1,,,18.993089716483155,OK,,6,2.113994318506332
ACME123,235,07c1f55e-9b6b-45d0-a206-da5fa73235c4,,,21.533937242078657,OK,,1,1.613385848197157
ACME123,235,09ca1f43-c426-4b6c-b977-cc357ad78b54,,,18.86411822015138,OK,,7,-0.19581901012749753
ACME123,235,09e5d0a4-115b-4488-9ec8-0111067c294f,,,21.234921224002633,OK,,8,-1.1592101330735272
ACME123,235,0a104e81-d37e-4b3a-a81a-6f2255f878cd,,,22.196299834966293,,,,1.576704221858141
ACME123,235,0b22b1a5-d0e8-4f48-80d0-79456692bdf5,,,21.46616559695303,OK,,1,-1.1834626673126858
ACME123,235,0db7780b-2b9a-45a2-89a7-94a292f8cf43,,,21.95255338077682,,,,0.14048039622563308
ACME123,235,0de0ada1-e919-4037-a2ff-eac4612c53b2,,,20.542719846293192,OK,,2,0.2410457918966593
ACME123,235,0f0a517e-6794-4132-b96f-2d9021cb47ec,,,22.87792272801587,OK,,8,-0.09844719498923359
ACME123,235,0f3c5e75-76a4-445f-af27-36d38e168ba3,,,16.101795190356015,OK,,3,-0.13921674375067586
ACME123,235,0fa3491d-ad38-4cdd-9cfb-8fe8a626425a,,,22.41264124319207,OK,,1,0.352770922584594
ACME123,235,0fcffbf6-3058-46a1-a038-14747d8305cb,,,22.8458092068739,OK,,6,0.13727493764485638
ACME123,235,1021a33a-97ea-4090-91fe-d203b72bc4cb,,,,,,,-0.057352063938750565
ACME123,235,102cf9bc-b2f2-41fd-84ca-b9905993e27f,,,21.205404147621927,,,9,1.5959507901502543
ACME123,235,111c1532-6cd6-44f1-b4ea-690492a1caa6,,,16.397668641588417,OK,,2,0.026377988941863263
ACME123,235,11512488-e24d-4ae2-bb49-c8aa724ee443,,,22.543225816794422,OK,,2,-1.8290694996069878
ACME123,235,11c884f1-9028-4dac-a422-f46d732c5c7c,,,22.317438689981877,OK,,8,-0.5464666278222294
ACME123,235,1255eada-b703-4c00-9a8a-f7eef305173f,,,21.61812782557053,OK,,6,-0.5579138930477183
ACME123,235,13692e7e-a148-4a59-9451-0410a94e32c0,,,20.763018492633325,,,,0.17577144452144494
ACME123,235,139c6f4f-72dd-46b7-93d2-26b131b0b1d4,,,20.139849197361357,OK,,9,-0.4307376398839358
ACME123,235,143d4dae-a263-4a89-8c15-25aef96755f5,,,19.184619228989916,,,0,-0.40104373740498034
ACME123,235,14849d30-a7ed-4ba3-adee-b255d2e9a0d1,,,18.08605375563261,,,,-0.4035948820945901
ACME123,235,162a3b1f-a123-4111-8987-4d84bb8edee9,,,19.223554782333842,OK,,1,0.7723918342490896
ACME123,235,1630eeab-5469-4f56-a42d-637d9739623e,,,21.94241269130706,OK,,6,-0.561363006894279
ACME123,235,169ec68d-8b1e-42e3-bcb5-8fba93618649,,,22.7348191244448,OK,,0,1.306172710379726
ACME123,235,16a2d03c-b615-4419-a98a-aa1c24c63541,,,20.316542703884362,OK,,4,-0.4921984183882402
ACME123,235,16c20eb2-7bb9-4062-b06e-f3d259863f5b,,,18.263645407563285,NOT_OK,,9,-0.3106680563614744
ACME123,235,18187a2e-61d4-43f9-8951-9c350f77e9b9,,,20.369368626578293,OK,,2,0.4558340984219029
ACME123,235,194cda2e-2529-48e6-af15-0403b97b468d,,,17.78172928662121,OK,,9,0.13489617562611017
ACME123,235,1beb4c51-3619-49bb-8c2c-f95764fddd4d,,,17.923772216316515,OK,,7,-0.05623658032044189
ACME123,235,1bf67996-3223-40c2-8364-8ab46221803e,,,16.357048426006532,OK,,4,1.0695230673785268
ACME123,235,1c507f3b-2b4d-41b7-a8fb-0944d74faf70,,,21.568917857723086,OK,,6,-0.5879041586957567
ACME123,235,1c9ae742-7d29-4878-8aa0-87bf6275387a,,,18.1080828795265,OK,,3,-0.4813955757151463
ACME123,235,1d4ba176-1eec-40b2-a821-86d9e5207ec2,,,16.90600172720817,,,3,2.3238574832252428
ACME123,235,1e580ebc-e8c5-4195-8c96-fdabdb16a977,,,19.804619626348085,OK,,5,1.0063654862729572
ACME123,235,1ea2e119-85ef-483c-aefe-8f0dee78246a,,,20.603687076756632,OK,,3,1.0338510399969878
ACME123,235,2096a069-5629-44cd-a43e-a794939f2371,,,21.609029075825923,OK,,9,0.5329570592477738
ACME123,235,217bff1b-75bf-46db-b312-fd8cc11c2320,,,17.175207939446846,,,2,-0.3479083159524962
ACME123,235,224fe829-2024-4c58-8f03-2c3904ee0f70,,,19.717160801310943,OK,,9,1.7787834068835104
ACME123,235,2270f4d4-d348-47d6-8316-b631ca2046cf,,,17.687101009189096,OK,,8,0.5471990066340591
ACME123,235,240d57b2-d791-46d4-9293-f9f260984084,,,17.902852853819986,OK,,8,0.5125104999778144
ACME123,235,246414c0-dea2-407d-a981-5530e4a53b96,,,20.659960337160612,,,5,-0.7766423027780545
ACME123,235,249d1c02-cfb5-4276-a001-96d4f6e57f2b,,,16.630516932495006,,,7,-0.002301568492291141
ACME123,235,2624bda4-1faa-4727-9060-f96b0dbcad14,,,18.907278134555266,OK,,5,1.2472118808085224
ACME123,235,26d243d7-7793-44f5-9743-e26d1644f514,,,20.364062341459373,NOT_OK,,9,-1.985000886433528
ACME123,235,28dc2dae-337b-47a2-9ba7-39befad40738,,,18.611994377066818,OK,,5,-1.2557469716820373
ACME123,235,29b3479d-1269-4a4a-acd6-bdea9ed08d4f,,,22.8012838498209,OK,,1,0.12969375097962807
ACME123,235,2ad2a45a-92e3-4aec-a5ec-141d83a664d0,,,20.989340174346182,OK,,8,-0.33585844497992967
ACME123,235,2c5732ac-a313-4bc1-8c20-1d15d12a622a,,,22.524092084135734,OK,,5,1.336002618917653
ACME123,235,2e084c4b-6274-46b0-88de-aca9cc095856,,,21.082803970410467,OK,,0,-0.6162615345743446
ACME123,235,2e8724fb-7874-43e4-ae70-8e4eebaf3882,,,,,,,-1.2765606649488284
ACME123,235,2ee3cadb-f6f7-4621-ab67-6e2a21da5a36,,,21.78646812470678,,,,-1.3090899337446915
ACME123,235,2f10d3bf-e5ed-450b-ba05-ea51b9dbc14c,,,15.81086033022456,OK,,9,-0.38895918095108967
ACME123,235,2fd4ca4b-7e5c-4465-ad35-1116e2757f45,,,21.308368011826598,OK,,8,0.8320421154416799
ACME123,235,2fd9796f-6fbc-4952-909b-cc0e07006d2c,,,16.399806296319536,NOT_OK,,3,0.22284969134318192
ACME123,235,3032e9fe-34b3-4348-8f54-c185845b25a0,,,21.96882519269711,OK,,7,1.3230112817673916
ACME123,235,3045cac6-1273-4b4c-b8bf-def8bbc24afa,,,20.44704736660098,OK,,2,-0.9482756374417165
ACME123,235,30f5325d-ed9f-467f-a325-91964ecf6e46,,,20.89282124059095,NOT_OK,,4,0.9119490949595882
ACME123,235,31969132-5f67-4674-b44d-0db788e088ab,,,17.69977352457757,OK,,6,0.3319550875981215
ACME123,235,3209d1fb-d013-4222-bbbb-efbaac77cc53,,,18.87806124047203,NOT_OK,,8,0.47894409916138986
ACME123,235,32a77396-374c-41fd-a373-a3552a215dbf,,,16.81462164085073,NOT_OK,,5,-0.3020999518295878
ACME123,235,3358a15e-454d-411e-8fcc-9f5cd53d771b,,,18.73665600300959,,,5,0.8487969541216775
ACME123,235,33c8914b-f5ac-4c17-a453-bb324c32f208,,,15.37305279494626,OK,,0,0.2913043073986229
ACME123,235,3458d393-9b57-4f56-a4e9-3815845d0b82,,,19.609447419054266,OK,,5,1.8550625345792762
ACME123,235,37e2c04a-3e51-493f-8088-13d09b741b47,,,20.564038167155438,OK,,5,-1.3150947309159553
ACME123,235,385f65e0-73df-4b9d-9242-c63857947a3f,,,18.978361617547197,,,0,0.4051570189142344
ACME123,235,38b7865e-1158-40c6-97a7-4c87c32df55e,,,20.839847657443922,OK,,1,0.6995377482544964
ACME123,235,3a195d9a-211f-4336-a33f-0a0c69a6a8fe,,,17.046966990334525,,,5,0.05747082763857487
ACME123,235,3a8a4cbd-9f8f-4d57-ac3a-7d75aad83080,,,17.390185797919873,,,4,0.22375104600165366
ACME123,235,3add8e5e-c6e2-407f-aa47-c9805652a965,,,20.735930216777856,OK,,4,-0.6310688903553545
ACME123,235,3b50e221-5aa1-4ceb-b619-2c8eae1e56b1,,,,,,,1.6940833786447258
ACME123,235,3b9f144f-64be-41b4-ab0d-b7575e7bf378,,,16.50728207646089,OK,,5,0.16705229169541244
ACME123,235,3bf508e2-0e83-45e8-b1a9-9e849b2fcd9c,,,24.119482821804326,,,4,0.21732643477461558
ACME123,235,3d261763-801b-48f7-84ed-8c6348b7a09a,,,22.680096065768296,OK,,9,0.28499390372463923
ACME123,235,3de5e853-286c-40ff-96d4-b220e75ecf1c,,,19.12837241524947,,,8,-0.5510793039924166
ACME123,235,3f00a5a0-b3bd-4a3a-a7b5-6b7c8b08bbba,,,18.424470993554404,OK,,5,-0.5408531730907666
ACME123,235,3f0ae27b-01de-4660-9a34-3db554e06e0e,,,17.763390070940925,,,,-1.0574753308670763
ACME123,235,3fbe88fd-3a7c-4297-bb87-94265f89d636,,,19.275281377431067,,,9,0.34970899343551176
ACME123,235,40aa183d-7aef-41d4-936e-6c980df5f896,,,22.71538897204524,OK,,3,-1.2893120047483613
ACME123,235,40f44aaf-dd5a-4a5d-93e6-02b472b443c8,,,17.48920685708311,OK,,6,-0.5099287250920977
ACME123,235,41156d8d-6a92-424f-a764-629104150513,,,21.914712563771893,,,,-0.43751999975737255
ACME123,235,41297b13-a0af-459a-b533-43706ddadd93,,,24.03168265160881,,,,-0.6467846888725143
ACME123,235,4151c66f-6e1b-4027-a314-b415ccc94c55,,,17.789360572447585,OK,,9,0.31701808455274494
ACME123,235,42610c5d-feae-45f4-b8f6-a280368c7d65,,,21.504858371388888,,,8,0.4691473547056286
ACME123,235,42d34805-c174-4d35-8c5b-615ae498ffcb,,,25.062242411124505,OK,,2,0.20763237884052704
ACME123,235,42eb84b4-0bef-472c-9a44-1e33275b1297,,,19.89742500215411,,,,-0.12511056484744357
ACME123,235,43b2d1c6-67c9-41fb-9e36-8497f2e87db9,,,20.728372330564913,OK,,2,0.1141424109157647
ACME123,235,44645bee-54b8-4c5b-bb77-fbcecb0fd657,,,24.995695692763032,OK,,6,0.04959906915891055
ACME123,235,44d453ec-a42c-4b85-b4ee-9fcf24a8b487,,,18.516664641198744,,,,2.1291005084818133
ACME123,235,44fce785-ad86-43b0-bf1f-5619135f6a90,,,24.41214764692122,,,5,-0.757419300927627
ACME123,235,45cd2159-4501-4eaf-a0ea-25f4d089260f,,,,,,,0.5811922928384173
ACME123,235,46214599-151a-44cb-a488-0b1dbbbb087a,,,19.456335555366014,OK,,4,0.8372371213389946
ACME123,235,4653f765-c302-45cd-bf9b-473a9d41131a,,,17.508682165872678,OK,,2,1.040800587812536
ACME123,235,47245ccd-9d13-4014-af7a-86583413698c,,,21.243808205916743,,,3,1.5551291574678605
ACME123,235,4ac170d6-a65e-4334-ae04-60d6d89bae45,,,20.17806119358542,,,6,-0.47366450529196635
ACME123,235,4b4e8886-c92c-40fd-8dda-e3f6063c6d95,,,20.68835203281379,,,,0.9662205347672811
ACME123,235,4b620ba2-579a-4e32-8eca-857018beada5,,,15.700954182283681,OK,,5,0.49430613929449
ACME123,235,4bc9a964-7559-4286-a701-181768e67b25,,,22.02912912459511,NOT_OK,,8,1.372639144874807
ACME123,235,4c975a8e-e33a-4f39-bad6-99dfd06a54e2,,,20.481035028848982,NOT_OK,,0,1.1517863901275731
ACME123,235,4d4ba2aa-1232-47b9-aaac-f5a8c8075ae1,,,21.101241009468914,OK,,5,0.647085388526169
ACME123,235,4e0042b2-0f9e-414d-bfa6-9a36d2afc74f,,,20.096836005076334,OK,,2,-0.49013266606937955
ACME123,235,4e09db25-181f-4fbf-be6d-8425b820e4a5,,,22.984795872755182,,,0,-0.0168376653516644
ACME123,235,4e51e4f9-0a1b-437d-8fb7-4060b21e15ee,,,21.08500018354847,OK,,2,-1.5432517071579877
ACME123,235,4ec9d33d-083d-4109-b863-97e95d6cc268,,,19.494610165309076,,,,-0.5924537390265022
ACME123,235,4f4ead3f-985b-46ef-a9aa-88a46e7ad43e,,,20.093530319229284,OK,,5,-1.8607040471012564
ACME123,235,4f900414-1546-47b4-b752-611018122b96,,,19.652204930956895,OK,,3,0.11058969922719719
ACME123,235,5006e943-7969-44b7-8641-0b36700d3af9,,,20.706600172305965,,,,0.916251764135271
ACME123,235,5075a7c9-2162-4830-a1c6-4595fc90ee1d,,,19.363190473730768,OK,,5,0.25603032802401904
ACME123,235,509cab7f-f18b-4310-934c-c4f19781b0d6,,,23.765976763435432,OK,,3,-1.2122875291190198
ACME123,235,5122f7a4-6564-4a47-92cf-4884b6796309,,,18.271273567549297,OK,,2,0.48103675867167744
ACME123,235,5144ae4b-9ab8-4dc9-84cc-bb93cbd248cf,,,18.99775596733469,OK,,8,0.5272013558390832
ACME123,235,51a2e574-1a19-4522-b5ad-d13dff02c5b9,,,21.675641997919737,OK,,0,-0.3262727338753069
ACME123,235,526d5a08-7b69-4c46-b220-ec3ed25588c8,,,17.90227953164403,OK,,5,-0.5035194336926577
ACME123,235,527ea466-38f5-4e95-a3f9-597c54f0f8a1,,,17.98897306827133,OK,,3,-0.4885553076154478
ACME123,235,565b7473-85e6-4f25-965b-142ac423eccc,,,20.172401000851092,OK,,6,-1.0888852454278946
ACME123,235,566bb4cb-7c0d-4776-8b8d-116b48c42b2d,,,19.529154309925985,OK,,0,-0.45622877445926024
ACME123,235,57679fc2-f928-4935-a40a-493d1bd253ae,,,22.135448546017287,OK,,7,-0.3685842567811277
ACME123,235,581dc6f3-0272-4313-9ee8-8f225d84dc50,,,19.18454158763841,,,8,-0.05328821495721855
ACME123,235,59700885-80d2-4a29-9310-c6cd7dd4d28f,,,17.4846936003963,,,5,-1.459352620850536
ACME123,235,5a0940f0-6ab5-47c2-a09f-ec3f32e711c6,,,22.008975203707266,,,8,0.8652934463543974
ACME123,235,5aedea8d-a2d1-4928-bf0e-778df2b2cb36,,,16.999405906842473,OK,,1,0.7996620949814686
ACME123,235,5b14edf7-43c8-478c-8235-4cf05d717b61,,,23.224784702534773,OK,,3,-0.23934058024962743
ACME123,235,5b65bfb6-a6c7-4069-95f0-e66ef53452a2,,,20.85325755974764,OK,,3,-0.16243489316220172
ACME123,235,5b846d7e-0cb0-45c3-8619-fdbb06577940,,,21.320528705490425,,,,0.7166992470183734
ACME123,235,5bd77b2a-2d4f-4444-abab-5872bfecb55c,,,18.154929693452328,OK,,0,-0.9931207378204201
ACME123,235,5c7ce689-3ead-4da4-b8a9-c233fc91c349,,,20.33230949751242,OK,,0,1.1981073463390648
ACME123,235,5caa80b7-1120-4fcd-8048-f22efc2624a5,,,17.56460768040332,NOT_OK,,9,-0.7625695302848752
ACME123,235,5e0636cc-b895-466c-9e2d-7f82aeaaa398,,,17.439003444014677,OK,,0,-0.06527996576495948
ACME123,235,5e0a45a5-64b6-496a-a894-874e97182d44,,,19.060568328680954,OK,,9,1.4186578355371828
ACME123,235,5f34a20e-e321-41a8-947f-1f7cce628e40,,,15.642317423103782,OK,,3,-0.7985096100243811
ACME123,235,5f35da68-bb00-4765-b564-e59064c56d60,,,20.55753429084363,,,0,0.2802734595880443
ACME123,235,615d4c13-67f6-4d06-803f-745b116cccb9,,,19.11037062671943,,,5,-1.9418731458645564
ACME123,235,6182e60f-6c54-4541-bc5e-2b9b679ba64e,,,18.95658280302634,OK,,4,0.44989660626778677
ACME123,235,61f0f544-d6e9-431d-929c-ab88c5d3aa0b,,,18.41844065950495,,,2,-1.5349826250934355
ACME123,235,620251ee-f97d-4c3b-ad60-fc9cf3fcae8f,,,21.333630408032683,OK,,7,-0.5883102250842864
ACME123,235,63a7a549-7cb9-4caa-8296-849463d84275,,,22.725485072194317,OK,,1,1.8312470346791407
ACME123,235,64eff3ae-7189-4b57-941f-bd58fa642337,,,18.746340214327425,OK,,9,0.9513821404152257
ACME123,235,66469cc3-d4d4-4222-8085-c5e7d5742140,,,20.035307852048117,OK,,4,-0.4878795210695942
ACME123,235,68ba040b-1d9a-4cb8-9061-ecd0854f6c35,,,22.6523174292077,OK,,5,0.13509256591566174
ACME123,235,6941aa5a-f7aa-417b-9bb5-94162d295883,,,20.28488664557203,OK,,5,-0.30697408395296377
ACME123,235,6a691b50-dc30-41ee-a9c6-3446c8297c0b,,,19.814113506585706,,,9,0.577284119620411
ACME123,235,6ab54759-d4ec-4a06-a2aa-dafd814cd4a4,,,18.3315769577091,OK,,4,1.4101054729470057
ACME123,235,6b8d1a15-c855-4205-bab5-717ec4ae626c,,,16.547110697160775,NOT_OK,,6,-0.7480976970036078
ACME123,235,6c3a897e-d95e-4e22-b916-9142703b3703,,,19.70733777448184,OK,,4,0.4373513664564762
ACME123,235,6ca9ce68-6016-4d09-b447-2c4bf9945ee7,,,21.00181840378301,OK,,1,-1.989581304534744
ACME123,235,6cc1a81c-89c5-4425-9a78-26cda11e1afd,,,16.237162578965393,,,0,-2.205354829946658
ACME123,235,6cd7688e-fa1b-449b-8e5d-c5d6d89781d7,,,19.956333808761045,OK,,3,-1.181814352575674
ACME123,235,6d0f8dd7-a2cf-4197-8812-c0dc02b97073,,,18.153627654934297,,,5,1.6534357763167726
ACME123,235,6e41f686-3007-4b9c-8d45-f3814234596b,,,20.137789192462808,OK,,2,-0.13306066585259121
ACME123,235,6e5efa95-c687-49dc-b066-de0f10770710,,,19.990378401997496,,,8,0.7139704842111667
ACME123,235,6f599916-b8bf-4927-bbfc-5fba3624f7c5,,,19.48496023007811,OK,,3,-0.9075182324521812
ACME123,235,6f8ef038-1d5c-4e2f-b101-32b2dcb993c8,,,18.632203665486422,OK,,8,0.38928262276720366
ACME123,235,7029cb25-772a-42e1-9e9d-fc8e7553131c,,,19.588577689288105,OK,,4,-0.889279933847357
ACME123,235,70a23d6b-dab4-4cd5-a8eb-1a303645af9b,,,20.398687335758442,,,7,-0.8789993987086553
ACME123,235,72f6d4a7-1591-4784-91e3-163a7f190566,,,17.999857699921037,OK,,3,1.8329716012031936
ACME123,235,732c8164-b61f-4d32-a3e6-1c8bd21b91e2,,,16.090623148340057,,,5,-0.8524246763582579
ACME123,235,73321874-07fe-430f-be45-e14290ca24ae,,,21.096937539973016,NOT_OK,,2,1.2994079139846355
ACME123,235,735f32d2-994f-4985-94ca-cad4405e1e2f,,,19.62294039791258,OK,,4,-2.5918750964654924
ACME123,235,7472014b-f7f5-4cfb-bb47-6429ee48e7d3,,,20.771999313157238,NOT_OK,,2,0.32148216902204396
ACME123,235,764fd3b0-924c-47ce-86ca-4503ea2b92d9,,,21.229430706194982,,,2,-1.8000321502138736
ACME123,235,76c6f25d-7270-4963-8b3c-e86bc1a4518f,,,21.09080266915791,NOT_OK,,1,1.1022979648659401
ACME123,235,78589140-99d1-43b1-a416-04ad370158ec,,,21.872357413883464,OK,,4,0.9134405865637981
ACME123,235,7b7093d4-7f33-456d-9e28-d31963b2d36c,,,18.43447990079423,,,1,1.1096703038413478
ACME123,235,7b9f1a6c-1582-4871-acaf-3b39f958363c,,,22.28576508142462,,,8,1.2966611409834108
ACME123,235,7bdefc49-d2e2-4132-b287-26e636e7e7bd,,,19.977934862261915,OK,,4,0.7537473072973642
ACME123,235,7cccafa4-8a68-4240-be10-65eb254d12e2,,,22.24640886880939,,,,-0.24043356170560734
ACME123,235,7defbbbd-ca60-4e4a-87b5-da685f3fb51f,,,,,,,-0.4377001096288617
ACME123,235,7f24b062-4a77-46bd-93c9-255ae024b37d,,,19.803062698642286,OK,,5,0.07003031078592473
ACME123,235,7f4b1cc2-af36-4be4-ac89-a05f03388cc8,,,19.17561903866504,,,4,-0.42677690123331075
ACME123,235,80335a08-5258-4769-865b-862dcde76715,,,22.84842357663463,OK,,6,-0.7292717171177945
ACME123,235,80c7f385-392b-4ae7-a447-e2d21f8a91f1,,,19.172344345653947,,,4,-0.34609129954121504
ACME123,235,8274fbc8-b99f-45ac-8426-591751b0897e,,,22.295358575061428,OK,,4,1.4116546487086552
ACME123,235,82c84c0e-49c4-49a0-a63f-64b282ce686c,,,17.12138355218914,OK,,5,-0.6650005300249713
ACME123,235,83766df2-3892-4127-88d5-b4ff3b374496,,,19.151091778393923,,,,-0.18843744541541363
ACME123,235,840f54a4-5c7a-4a68-b926-d2428f01653d,,,22.049966807590735,OK,,9,-2.6098679112523797
ACME123,235,84b4a243-2ef7-4598-841b-35181da70e7c,,,24.402130713476478,,,0,-0.3151837355716806
ACME123,235,85752878-02a3-42b9-9264-d54134466552,,,22.43287112742006,OK,,0,1.8093527958337776
ACME123,235,85945645-133e-4657-b67d-56835568d11e,,,21.74126066712604,OK,,1,1.5919992684874076
ACME123,235,85a7a0e5-fc8c-4937-857f-f71baaadfd7b,,,20.52649801843061,OK,,0,0.9997265089490607
ACME123,235,87304d58-cbb7-49f1-bb9b-d0137a7f33d5,,,17.449153951157772,OK,,4,-1.3717534874048392
ACME123,235,873b4b06-985a-4ef1-8dd6-0f01b7f16732,,,16.433402518939943,OK,,2,0.17104415774880255
ACME123,235,87a8dea5-e928-4fca-bdc7-59a8514428e4,,,18.612192793331076,NOT_OK,,1,-0.5225113668470297
ACME123,235,898b0252-40a9-4e53-8be5-89150bec565c,,,,,,,0.8810386483542434
ACME123,235,89d24320-2760-4edc-a216-5bd71e514632,,,22.69330161626403,,,,-0.23728206760394444
ACME123,235,8ab9a6a7-c6a4-4b3d-bab4-ee9a037f69a7,,,21.60346679631624,OK,,0,-0.05582804446581262
ACME123,235,8afc9c83-73c5-4938-97c2-f113b6685fca,,,23.33004808532689,OK,,8,-1.0058095988687734
ACME123,235,8b19b3b8-6461-47d4-bacd-697b1a641644,,,20.448564902884318,OK,,4,-0.8449459326687037
ACME123,235,8b7efc53-6c5a-4857-9cd9-62c27c6ca0db,,,22.87744228012001,OK,,4,1.3095792927191976
ACME123,235,8bef8ee1-9922-46ec-a53a-cf76775ff9c8,,,18.954869080443714,OK,,3,-0.6757308919134929
ACME123,235,8bff894e-2a34-47a3-b44d-e1cfaf6dd6a4,,,25.343578448733233,OK,,6,-0.09476349462714877
ACME123,235,8f74f9b3-b302-4520-8efc-d81c2f51b9d5,,,21.625811481421618,OK,,1,0.08929400682087033
ACME123,235,9081c8a5-f044-42e6-91c8-87886269610a,,,19.439441014456186,OK,,4,1.4954286994022399
ACME123,235,90c8d136-73dd-4e75-ba89-31610110535f,,,21.74544360368565,OK,,1,-1.251512621188112
ACME123,235,92fd3bf6-e838-475d-a099-c237f045dff6,,,17.032037472515807,OK,,3,0.25321298590470503
ACME123,235,947472eb-2e25-4dea-acdc-620e474f3875,,,20.47035373816873,OK,,9,1.861169847304048
ACME123,235,9614f3ec-7ff5-4ace-8c0d-a7ab6c580708,,,19.92179590556681,OK,,6,0.7710918290530181
ACME123,235,96431578-6708-467c-892b-b53c72b6e7dd,,,21.171963276027956,,,,-1.117482408772254
ACME123,235,9885cd0c-c705-442a-b2c9-d5ba8cdb1782,,,18.924913285471476,OK,,2,-0.9184980212088277
ACME123,235,99eda9ba-3a36-4291-903f-f74177219273,,,19.85023596942923,OK,,8,-0.3827279484114246
ACME123,235,9a9ccdf7-0f64-4c8e-9c59-aa0c6e6a93ae,,,18.189953278222134,OK,,0,-1.8442740474670345
ACME123,235,9b1b63cf-88ff-4e93-8250-445b5623b15b,,,20.984828583870048,OK,,4,-1.1180291372261384
ACME123,235,9ccdee87-0e31-4ded-8e29-e9deb512c327,,,20.464924338930317,OK,,3,0.1639261409569623
ACME123,235,9e6511a6-ce9e-4c84-8f71-99fbc2146c6a,,,20.885288213791423,OK,,3,1.2263703682246216
ACME123,235,9ea9ad74-a45b-4158-9911-7041c8f9588a,,,17.574066032056443,OK,,2,-0.2917324240749628
ACME123,235,9fb09386-92a2-4733-ab08-5061d23e1718,,,20.455609590564077,,,0,-1.071713484103344
ACME123,235,9fdad051-871f-438e-8e30-427d03e90ea6,,,20.089882155670672,,,8,0.8528448269427087
ACME123,235,9fe70538-fef8-4cd2-9af3-6d3b97819019,,,23.54161602197174,OK,,6,-0.05030686077547366
ACME123,235,a007e7a9-aefb-4a4d-a68a-ddee2425bfdc,,,21.366652763794153,,,9,-1.234608002234373
ACME123,235,a15853f2-d0e9-405b-9003-ad3de5438c5d,,,14.593156445711967,OK,,9,-0.09778556782342475
ACME123,235,a23b72ea-bc95-46ad-964a-37e4432625cf,,,19.982958688509672,,,,1.3158503978016398
ACME123,235,a332da3a-af82-4db0-81da-caf82ebb6c93,,,23.448169356967714,,,2,0.7271521382339209
ACME123,235,a3e72859-1492-4e95-89c6-e876f835bc67,,,23.335790350191914,,,,0.7877297898111831
ACME123,235,a643b7af-6566-4b61-94d3-82e3820069be,,,19.147702681389728,OK,,9,1.180669781461843
ACME123,235,a6f39a14-3311-4679-8cc4-f65006de6afc,,,19.34553776429493,NOT_OK,,6,0.5532829361799847
ACME123,235,a854a181-68db-4ab4-be5d-406484cf6625,,,21.405639865360506,,,5,-0.23938362850498887
ACME123,235,a8ac778d-8b34-4304-bd52-99c4dc796e48,,,17.732138401417323,OK,,0,0.23455334731743857
ACME123,235,a98c24ad-6bf5-40a9-b26e-e198ffe7be7d,,,22.088808353055484,OK,,1,0.9364912280881778
ACME123,235,a9a6ca83-e131-4588-97af-6c2a8ac7d2c5,,,17.301951164530045,OK,,7,0.6691700724550796
ACME123,235,a9ba4878-60f0-4894-9669-285b95320d6f,,,21.329457392805352,OK,,3,-0.08824865302354268
ACME123,235,a9f794a0-c9d5-486d-8fc8-785001e615bf,,,24.47636793150784,NOT_OK,,0,0.19236567471181948
ACME123,235,abc44d0b-5a5f-4e93-ab65-a2e8a1f041a3,,,20.539548033195537,,,2,0.18931013997997595
ACME123,235,abf9ba32-6506-4039-8205-f001cfed67a7,,,18.682734613152423,OK,,7,1.078023121456022
ACME123,235,ac8fcec8-80fe-4ad5-9c53-0f9d79849572,,,19.56346881233074,,,6,0.06568308249446143
ACME123,235,aff9ebd8-6e98-4518-8300-12a45fe074c3,,,19.46058836989804,,,3,2.263683685200514
ACME123,235,b04c5275-fa65-4b09-b983-8674237ea1b4,,,18.40300935295397,,,,0.19578566281906357
ACME123,235,b0ebc833-f452-4158-880f-259cc50a9ba5,,,15.342381746178198,,,,1.1032714766715874
ACME123,235,b12bd7ea-df52-4663-8ed3-cbec102a25b7,,,18.355139511925675,OK,,3,-1.2175336350270163
ACME123,235,b1ffea81-34ea-4b5b-97c0-9a68f4f98dd2,,,21.119617134015886,OK,,0,-1.68649305531631
ACME123,235,b21c9ed7-5877-42b7-9bbc-cf3ed0418936,,,18.756504202358304,OK,,2,-2.289023746865374
ACME123,235,b22e5f31-3e2e-428f-b38a-3bf12239d8a1,,,19.40991631815927,OK,,9,-1.9282913682061948
ACME123,235,b2e926d9-606d-41b5-929a-9673a7c02bf0,,,20.60650607378898,OK,,3,0.21023542370569645
ACME123,235,b36b7ce4-9ef7-4f99-aeca-201cf1adf63e,,,17.508384523855526,NOT_OK,,3,0.5595974617658338
ACME123,235,b469597e-4301-47cd-93ce-18581b4079df,,,18.908087618233687,OK,,8,-1.1656131475494245
ACME123,235,b6e759f0-53b3-4e6c-9f30-cf712afe92a2,,,19.0543272237917,,,0,0.20555668429405527
ACME123,235,b737361b-7399-4a9f-b848-c653c7fe5b46,,,,,,,-0.32011748306703786
ACME123,235,b889ac75-1791-4802-babf-204e7c361a88,,,20.595115369363572,OK,,9,-1.0608889306312985
ACME123,235,b8f6b8ba-5e12-4d5b-b24d-830d72b328c0,,,17.288253763677382,OK,,6,1.7523469165208607
ACME123,235,ba1b6ec4-ed30-4204-9883-4c39202e6fcd,,,19.399909452836155,NOT_OK,,6,-0.7319639171314543
ACME123,235,bb2176c1-2a6c-4e06-b4ca-9cd2ad956738,,,19.10653695309561,NOT_OK,,9,-2.037503132499145
ACME123,235,bb9db18d-223c-4454-9de3-b2bf606d79ec,,,16.579808867757684,OK,,6,-0.41223038351816865
ACME123,235,bbe334a1-ffff-4e15-aee0-248c181f86f3,,,24.301412009498044,,,2,-0.1589810887620662
ACME123,235,bbf95427-e8ca-4991-9a61-0a0039b2a42c,,,19.627594912160486,OK,,6,0.42668856996219107
ACME123,235,bd1df8e9-4240-4ee2-b50c-95fed03d8814,,,19.706115996820273,OK,,5,-1.5735192711592814
ACME123,235,bdc1b968-d284-4a80-b3af-e8e496506829,,,17.596650675811347,OK,,4,1.5932393735256092
ACME123,235,bdf29166-b395-4818-a497-6eb5ee258c55,,,18.609290459372772,OK,,0,-0.6971755221622545
ACME123,235,be32c24f-e97f-4d3b-a8ff-18223db6b776,,,21.072888488717187,OK,,0,1.4246728631690078
ACME123,235,bef82a69-cd25-4724-aef9-fedfd34333ad,,,20.1725295021971,OK,,7,-0.4683730172219816
ACME123,235,bf53ea51-1b22-4b55-a946-2a6bf0febda2,,,18.596920036345463,OK,,2,-1.5226416163939096
ACME123,235,bf86b492-55b5-4fe1-9fee-a3623d091a05,,,18.40286460932434,,,,1.187225040474098
ACME123,235,c055889b-b184-4fdc-a416-3699e52306c3,,,20.66256643197158,,,,-0.0324591059919999
ACME123,235,c1d38121-81c5-4248-ae05-7d3f292e3b55,,,,,,,0.43346570767842285
ACME123,235,c2257ea3-1ab7-4fd6-926e-5a4f7718a708,,,16.544798530806617,OK,,6,0.45350761901623826
ACME123,235,c2a4f0ce-fdc9-4795-8277-dbc0c1b74c8d,,,20.675068614263807,OK,,4,1.0317465112196877
ACME123,235,c4ec9234-3926-40ba-b126-96918505b836,,,21.135300039932016,OK,,7,0.23693797981930265
ACME123,235,c51a24f4-0b3e-45a4-8b45-65d3583b59c9,,,20.882341575828775,OK,,7,0.009457802593464118
ACME123,235,c54db4d1-4288-4a50-ad70-9e4b10eefc1f,,,20.489768648106867,,,0,0.5050146975398436
ACME123,235,c57b8a6c-4038-4f4d-97fc-f4fa7878a0e1,,,20.06662462913531,OK,,1,-0.8759829500017534
ACME123,235,c5b0e8c7-0840-4aef-9719-509a86cc381b,,,22.523692560374258,NOT_OK,,2,0.5514201603441312
ACME123,235,c614b48d-0909-4f53-b166-30b7b6e8b49e,,,19.154857821895764,,,0,0.26070633939014165
ACME123,235,c6327620-d13f-4a4a-bd85-8d29bed0bbaf,,,15.284905741365439,OK,,7,0.025480220492014736
ACME123,235,c6522b7e-d4fe-4c86-a460-49b6111b4fbb,,,17.705189121340435,OK,,8,-1.0135948579843856
ACME123,235,c6538a53-943b-4700-a74a-175372fa0a1c,,,20.478673167926132,OK,,5,-0.9721191747731115
ACME123,235,c6db6d48-1693-432f-91b4-e6622d435ad2,,,20.123364492740233,OK,,5,-0.0861206738934454
ACME123,235,c72d9b45-10ad-445b-947b-2dcd02820410,,,17.495292268451333,OK,,9,1.4815627862164324
ACME123,235,c74f97b4-308b-4252-bbaf-339b49baa386,,,,,,,-1.5914477499716029
ACME123,235,c8804195-7a80-4e85-8e5b-f2474f1048e8,,,21.481083997332384,OK,,3,-0.17837788345855013
ACME123,235,c92ed168-098c-4368-a12b-ea996344c9ad,,,22.406263036921096,,,8,-0.4950646763681856
ACME123,235,c9dfe3e0-3645-457c-8cef-29f042697870,,,18.69484015287742,,,8,-1.4326892750807754
ACME123,235,ca6a62c8-1d93-43d6-821d-8e4f80f450ff,,,19.504190025931592,OK,,7,0.7960424782943964
ACME123,235,cb19f158-27f5-47bf-963e-310cee180cb1,,,19.68028598516837,OK,,7,-0.37719289091149644
ACME123,235,cb52a728-fcef-47fd-b42c-a2f2d74aee18,,,21.23700066763598,OK,,4,-0.17613791358645095
ACME123,235,cb60b8fa-ffac-40b2-8dc4-48cbf26cf8a7,,,20.50248330672714,OK,,4,-0.11494465055529868
ACME123,235,cb766e6e-8a51-4ec0-a370-95621343792d,,,19.702590465980578,,,,0.40139534417669265
ACME123,235,cb861494-30fd-49d5-af07-66b9d4b25d1e,,,16.645229325421194,OK,,4,-0.14202787317056437
ACME123,235,cbd47f4b-6a98-4020-8373-59804c08b603,,,20.562949270763898,NOT_OK,,5,-1.5942662959716958
ACME123,235,cbffa876-4638-43f3-8399-92580287aacd,,,,,,,1.5110344181684117
ACME123,235,ccc7d9a8-8190-4925-94e5-c64a2869af42,,,17.78144721184456,,,9,-0.008017348663161694
ACME123,235,ced1a886-ea6c-4b29-ad51-89ed9f79f70b,,,19.026107081018697,OK,,9,-0.2244681176659915
ACME123,235,cf24f857-f83b-4c92-a720-e4b9707df802,,,,,,,-0.09603345251354074
ACME123,235,d01c90d0-f248-4391-86de-72a4393f9e85,,,20.887360051913767,OK,,7,-0.009300737732230885
ACME123,235,d0525688-848f-4f80-895c-6ddee3b5b4df,,,20.425446354819506,OK,,8,0.3126122346900931
ACME123,235,d137bd96-fd85-47e7-b11e-65221bff1c87,,,23.638881442202656,,,,0.9530776829427002
ACME123,235,d148a731-d0b4-441e-ac1e-784e9993d5ec,,,23.96915099167803,NOT_OK,,1,0.8265599318125381
ACME123,235,d1874506-07c9-4569-b5ff-2f1ed0ffa193,,,,,,,-1.164601078971337
ACME123,235,d2ef6c53-c156-4406-abb3-3f67f3044b1d,,,19.833559499625206,OK,,5,0.6316590391331911
ACME123,235,d477c8e1-9d97-4bd2-96cc-7363ae06f9fc,,,20.97416179079831,OK,,3,1.5811807267970732
ACME123,235,d7735857-dc78-4dbe-99b0-b3ea8bd10343,,,22.337666726020977,OK,,2,-0.8489656208795038
ACME123,235,d7a4a041-b210-4a61-99bc-2349bbc7fde2,,,,,,,0.5754852263362391
ACME123,235,d7f3d447-d1a7-41cf-932d-fab52f041f37,,,20.867563559269815,OK,,2,0.5786825354792395
ACME123,235,d81c1b26-8102-4383-9f9a-f925b5fb0d44,,,19.357353059876978,OK,,4,-0.8401122304486341
ACME123,235,d84dafea-2ad0-4428-b80d-6c9d1998ddc5,,,18.486343638565817,OK,,5,-0.10048306054535475
ACME123,235,d85013c9-ad5c-4bb7-80dd-df290cdf5a62,,,22.616815731721925,,,,0.8345976231093996
ACME123,235,d8a98391-ec85-499b-adad-f7abae304bce,,,,,,,-0.9598174408784496
ACME123,235,d92a09e2-11cf-4b8b-8e55-a5ce0fec32f7,,,20.771735775229523,OK,,0,0.19402853278389312
ACME123,235,d9ccd49c-bd0d-4924-8ff5-66fbda9a9cf1,,,16.79198536822878,,,0,-0.39076511567266137
ACME123,235,da299f13-b0a1-4588-b6ea-cd391e48257c,,,22.337631190121602,OK,,0,-0.3890188969450925
ACME123,235,dbb87b73-e59f-489c-96ca-900f643110f2,,,23.605208453925744,,,1,1.3032666013852254
ACME123,235,dca5a34a-7a74-4e77-8d5a-f464a3530f0d,,,23.655706767442165,OK,,7,-1.4465752044387177
ACME123,235,dd95884a-1d04-4002-be08-0c68ecda89c5,,,21.39133556295688,NOT_OK,,3,-0.6209144545067866
ACME123,235,df0c0f0a-9689-4da1-a39a-a8eb5eb10984,,,20.996672968136647,OK,,3,1.0655179898851501
ACME123,235,df65d00e-ec4b-4cf7-b5d2-fe3bb53c8bea,,,,,,,-0.3356219758761413
ACME123,235,df95896f-83a7-42cb-b05c-f5064d1a6f78,,,19.754964700011563,OK,,9,-0.8288775413080522
ACME123,235,dfe8048a-6f27-4f3b-abfd-f081c1169052,,,19.464246100843233,OK,,7,-1.425617401555194
ACME123,235,e194ca28-bf29-4d96-b870-062bb689f74e,,,22.91298290956804,OK,,9,-0.0029394807815533623
ACME123,235,e1f6c936-cf43-4eb7-a1b4-f43cb5c3c0a3,,,22.573273666325672,OK,,9,0.3113379328984954
ACME123,235,e27f3c4c-a216-49dd-9e30-274b19f496d6,,,22.9960045306294,OK,,7,0.5167269896095799
ACME123,235,e2ec58a7-274a-41a6-9893-34ca96f1e17a,,,19.22737102684843,OK,,5,1.1915175366713262
ACME123,235,e2ee010c-16fa-464d-9ec4-497093c3133e,,,17.629664001923015,,,9,-0.4157487247444839
ACME123,235,e3588920-bc21-494d-8d7a-a0075b09655d,,,16.26918898476838,OK,,8,-0.8791499816351387
ACME123,235,e3c4091c-f0da-4ca2-b46a-02b6fc216494,,,19.275563836623363,OK,,1,0.10118126129009125
ACME123,235,e3e5d2e3-a5cc-4870-a6b6-89e7fe4723c5,,,17.61940223812797,OK,,3,-0.30273055639809704
ACME123,235,e3fc43e0-f21a-400a-b483-b589b09f12d7,,,23.394982116207483,OK,,3,-1.061500660072096
ACME123,235,e5b775f3-4735-499a-b04b-900f51d435f8,,,18.883142101388177,OK,,7,-0.10708088831510484
ACME123,235,e6244e6b-52c1-4a83-9cdd-30ad00517873,,,15.607628095210604,,,,-0.19030414843969395
ACME123,235,e6936b4e-9fb6-482b-8f40-45f6aeb59acc,,,,,,,-0.1105192481286226
ACME123,235,e760e08c-10e4-4f5c-a78b-37973d9d6ed9,,,17.659266654847528,NOT_OK,,3,-1.452374811167848
ACME123,235,e77ed2e9-12ee-4496-9403-cfd5a42615da,,,16.49604790459025,NOT_OK,,3,0.43947032822281173
ACME123,235,e7fa537e-3334-428e-a571-715d66624242,,,16.66835338458562,OK,,3,0.36942988535286947
ACME123,235,ea649648-0a96-4ded-9544-d05e9592e3f6,,,20.09840961323818,,,0,0.5651693906271152
ACME123,235,eb66173a-fdd4-4367-9fb7-f4faf55ff62f,,,20.737196522298355,,,6,-0.5433776930517848
ACME123,235,ebd4bebd-b5be-4070-87fc-817879f840fc,,,22.559066568387184,OK,,0,-1.9724241518628722
ACME123,235,ed058728-d5fb-4928-b907-4da9c817f99f,,,20.770696197785117,OK,,9,1.2984708940439462
ACME123,235,eda6cdb7-1a0c-4cd4-839c-10c5d61917b1,,,22.030790042392326,,,6,0.874360091688075
ACME123,235,ee7cdbeb-6123-4f8e-b6a3-c4aff26f1db2,,,17.719345466948745,OK,,6,0.3774749455952714
ACME123,235,eefb1820-1924-46ce-b541-d1174b15deb8,,,21.080946350334063,OK,,1,-0.8794371102258233
ACME123,235,ef02bd19-26a7-4e0b-a60e-ad913524b3aa,,,21.272454436103825,OK,,0,-0.8008391659968561
ACME123,235,ef5e873c-3fe9-4784-8874-9767744d89ff,,,16.65238549416687,OK,,3,0.14580881100281753
ACME123,235,eff8fe6c-8d3c-4c58-97c9-798c7612d293,,,16.759872853205486,OK,,5,-0.26648678307092444
ACME123,235,f0c5dea2-60e3-4dca-9612-a3eb3c0e9ea0,,,22.758383184598138,NOT_OK,,3,-0.847052211636288
ACME123,235,f3fd7dab-e5f3-47f6-8c57-ce70b943f4a5,,,16.868661699823733,OK,,3,0.4886343216390605
ACME123,235,f41ff032-fe0b-439c-ba88-1c7f39cfaf82,,,18.826347537071204,OK,,2,-1.0450226398434608
ACME123,235,f520763d-168e-49b6-bf93-68b394ac41f0,,,20.75035927423382,OK,,2,0.12374978171536495
ACME123,235,f55900e1-0c5c-460d-b21b-b4ef20935dbd,,,23.08616161981948,,,6,-1.250044025926613
ACME123,235,f57564d5-3b16-4bf5-afda-dfe909c1e098,,,18.88337940307489,OK,,2,-0.6923014860889855
ACME123,235,f5851510-9a0b-4d6e-96bd-9cadea49e404,,,18.278195450012102,OK,,6,-0.7435047656698494
ACME123,235,f5e1b15c-3f76-435d-a240-da43058c0494,,,19.99944777731631,,,,1.4646560884651842
ACME123,235,f6d7c8f5-ad76-4eaa-849e-5b567ffe230a,,,15.709878314394205,OK,,0,-1.532342807541381
ACME123,235,f712efdd-c566-48ba-a9ec-7fb4a19f437c,,,22.79946861752987,OK,,0,0.2638204279315013
ACME123,235,f81203a8-d4b4-416c-b337-cfaf4f8bd8b8,,,20.49851712896431,OK,,2,0.8129525303896505
ACME123,235,f896c0a1-0d52-4cf5-8372-582a77c8e4ad,,,20.77544721465884,OK,,1,-0.002487685179723861
ACME123,235,f8af6aef-e852-4688-aa7b-93167bda1766,,,20.822195527424284,OK,,3,1.875407696618328
ACME123,235,fbaeeb5b-f7f1-45e1-9184-b021a3da225a,,,22.526875711460015,NOT_OK,,8,-0.7777395084559275
ACME123,235,fcc2802d-e4db-45c4-b37c-afe8e3b158cd,,,20.89993445300252,OK,,2,0.025116891261566906
ACME123,235,fddd13ea-b457-4e94-a444-6336dc1a4cb9,,,19.88487477603909,OK,,8,0.67510675998802
ACME123,235,fe964fc6-7bba-417a-921b-3d3cce016fdb,,,24.641723878353215,,,3,-1.144476529790399
ACME123,235,ff0c5d06-12b2-45a2-ac8a-840dd3e2bdda,,,20.72416087842875,OK,,0,1.0903561914317004
ACME123,235,ff64bece-d597-45b1-a3a0-f2fa02417733,,,21.966918535776404,OK,,4,-0.9225759850873888
